{
  "TEST001": {
    "total_reward": 195.0,
    "graduated": true,
    "final_gpa": 2.9696969696969697,
    "terms_completed": 8,
    "recommended_courses": [
      [
        "CS103",
        "CS106",
        "EL307",
        "EL305"
      ],
      [
        "CS104",
        "EL307",
        "EL301",
        "EL302"
      ],
      [
        "AI201",
        "SEC201",
        "DS201",
        "DS206"
      ],
      [
        "AI202",
        "DS201",
        "SEC202",
        "SEC204"
      ],
      [
        "AI203",
        "AI205",
        "AI206",
        "DS202"
      ],
      [
        "AI204",
        "DS203",
        "DS205",
        "SEC203"
      ],
      [
        "DS204",
        "SEC205",
        "SEC206",
        "EL303"
      ],
      [
        "SEC206",
        "EL304",
        "EL306",
        "EL308"
      ]
    ]
  },
  "TEST002": {
    "total_reward": 210.0,
    "graduated": true,
    "final_gpa": 3.3333333333333335,
    "terms_completed": 10,
    "recommended_courses": [
      [
        "CS105",
        "CS107",
        "CS102",
        "CS106"
      ],
      [
        "CS103",
        "EL305",
        "EL307"
      ],
      [
        "CS104",
        "EL301",
        "EL302"
      ],
      [
        "DS201",
        "AI201",
        "DS206",
        "EL301"
      ],
      [
        "AI202",
        "DS202",
        "DS205",
        "EL301"
      ],
      [
        "AI203",
        "DS203",
        "AI205",
        "AI206"
      ],
      [
        "AI204",
        "DS204",
        "EL303",
        "EL304"
      ],
      [
        "EL306",
        "EL308",
        "SEC201"
      ],
      [
        "EL306",
        "SEC202",
        "SEC204",
        "SEC206"
      ],
      [
        "SEC203",
        "SEC205"
      ]
    ]
  },
  "TEST003": {
    "total_reward": 200.0,
    "graduated": true,
    "final_gpa": 3.272727272727273,
    "terms_completed": 9,
    "recommended_courses": [
      [
        "CS107",
        "CS102",
        "EL307"
      ],
      [
        "CS103",
        "EL305"
      ],
      [
        "CS104",
        "EL301",
        "EL302"
      ],
      [
        "SEC201",
        "DS201",
        "AI201",
        "DS206"
      ],
      [
        "SEC202",
        "SEC204",
        "SEC206",
        "AI202"
      ],
      [
        "SEC203",
        "SEC205",
        "AI203",
        "DS202"
      ],
      [
        "DS203",
        "AI204",
        "AI205",
        "AI206"
      ],
      [
        "AI205",
        "DS204",
        "DS205",
        "EL303"
      ],
      [
        "DS205",
        "EL304",
        "EL306",
        "EL308"
      ]
    ]
  },
  "TEST004": {
    "total_reward": 125.0,
    "graduated": false,
    "final_gpa": 3.269230769230769,
    "terms_completed": 12,
    "recommended_courses": [
      [
        "CS101",
        "CS105",
        "CS102"
      ],
      [
        "CS103",
        "CS106",
        "EL305",
        "EL307"
      ],
      [
        "CS103"
      ],
      [
        "CS103"
      ],
      [
        "CS103"
      ],
      [
        "CS103"
      ],
      [
        "CS104",
        "EL301",
        "EL302"
      ],
      [
        "CS104"
      ],
      [
        "SEC201",
        "EL303",
        "EL304",
        "EL306"
      ],
      [
        "SEC202",
        "SEC204",
        "SEC206",
        "EL308"
      ],
      [
        "SEC203",
        "SEC205",
        "DS201",
        "AI201"
      ],
      [
        "SEC205",
        "AI202",
        "DS202",
        "DS205"
      ]
    ]
  },
  "TEST005": {
    "total_reward": 210.0,
    "graduated": true,
    "final_gpa": 3.3333333333333335,
    "terms_completed": 10,
    "recommended_courses": [
      [
        "CS102",
        "CS101",
        "CS105"
      ],
      [
        "CS103",
        "CS106",
        "EL305",
        "EL307"
      ],
      [
        "CS104",
        "EL301",
        "EL302"
      ],
      [
        "AI201",
        "EL303",
        "EL304",
        "EL306"
      ],
      [
        "AI202",
        "EL308",
        "SEC201",
        "DS201"
      ],
      [
        "AI203",
        "AI205",
        "AI206",
        "EL308"
      ],
      [
        "AI204",
        "SEC202",
        "DS202",
        "DS205"
      ],
      [
        "DS202",
        "DS206",
        "SEC203",
        "SEC204"
      ],
      [
        "DS203",
        "SEC205",
        "SEC206"
      ],
      [
        "DS204"
      ]
    ]
  },
  "TEST006": {
    "total_reward": 205.0,
    "graduated": true,
    "final_gpa": 3.212121212121212,
    "terms_completed": 10,
    "recommended_courses": [
      [
        "CS105",
        "CS102",
        "CS106",
        "EL307"
      ],
      [
        "CS103",
        "EL305"
      ],
      [
        "CS104",
        "EL301",
        "EL302"
      ],
      [
        "SEC201",
        "AI201",
        "DS201",
        "DS206"
      ],
      [
        "AI202",
        "SEC202",
        "SEC204",
        "SEC206"
      ],
      [
        "AI203",
        "AI205",
        "AI206",
        "SEC203"
      ],
      [
        "AI204",
        "AI206",
        "SEC205",
        "DS202"
      ],
      [
        "DS203",
        "DS205",
        "EL302",
        "EL303"
      ],
      [
        "DS204",
        "EL303",
        "EL304",
        "EL306"
      ],
      [
        "EL308"
      ]
    ]
  },
  "TEST007": {
    "total_reward": 210.0,
    "graduated": true,
    "final_gpa": 3.5454545454545454,
    "terms_completed": 11,
    "recommended_courses": [
      [
        "CS102",
        "CS101",
        "CS107"
      ],
      [
        "CS103",
        "CS101",
        "EL305"
      ],
      [
        "CS104",
        "CS106",
        "EL301",
        "EL302"
      ],
      [
        "DS201",
        "DS206",
        "EL303",
        "EL304"
      ],
      [
        "DS202",
        "DS205",
        "EL303",
        "EL306"
      ],
      [
        "DS203",
        "EL307",
        "EL308",
        "SEC201"
      ],
      [
        "DS204",
        "SEC202",
        "AI201",
        "SEC204"
      ],
      [
        "AI201",
        "SEC203",
        "SEC205",
        "SEC206"
      ],
      [
        "AI202",
        "SEC203",
        "SEC206"
      ],
      [
        "AI203",
        "AI205",
        "AI206"
      ],
      [
        "AI204"
      ]
    ]
  },
  "TEST008": {
    "total_reward": 215.0,
    "graduated": true,
    "final_gpa": 3.242424242424242,
    "terms_completed": 11,
    "recommended_courses": [
      [
        "CS101",
        "CS105",
        "CS107",
        "CS102"
      ],
      [
        "CS101",
        "CS107",
        "CS102"
      ],
      [
        "CS103",
        "CS106",
        "EL305",
        "EL307"
      ],
      [
        "CS104",
        "EL301",
        "EL302"
      ],
      [
        "DS201",
        "AI201",
        "DS206",
        "EL303"
      ],
      [
        "AI202",
        "DS202",
        "DS205",
        "EL304"
      ],
      [
        "AI203",
        "DS203",
        "AI205",
        "AI206"
      ],
      [
        "AI204",
        "DS204",
        "EL306",
        "EL308"
      ],
      [
        "EL306",
        "SEC201"
      ],
      [
        "SEC202",
        "SEC204",
        "SEC206"
      ],
      [
        "SEC203",
        "SEC205"
      ]
    ]
  },
  "TEST009": {
    "total_reward": 150.0,
    "graduated": false,
    "final_gpa": 3.1875,
    "terms_completed": 12,